Ridername,Rideraddress,,,,,,,,,,,,,
Rokol,"22, Heera Panna Shopping Centre, Haji Ali, Breach Candy"
Mis,"22, Heera Panna Shopping Centre, Haji Ali, Breach Candy"
Sasa,"vetgrdfsr rfsrfrssdf f s vsdfvsdvsdd vadcsdca"
Roy,"22, Heera Panna Shopping Centre, Haji Ali, Breach Candy"
Numm,"deNcjwen wfefwf,ewf wf"
Roy,wefjnfj
CMEKLMkjrmfjmw,wkfnwerkfnwk
cfweffwefw,wkfnwerkfnwk
Raman,"mfdejmfwekjfekwfjwke fjwekfjekfwnekfjwnfkw f"
Rimte,"mfdejmfwekjfekwfjwke fjwekfjekfwnekfjwnfkw f"
Rimtes,"mfdejmfwekjfekwfjwke fjwekfjekfwnekfjwnfkw f"
Ritesh,"mfdejmfwekjfekwfjwke fjwekfjekfwnekfjwnfkw f"
"Ritma ","mfdejmfwekjfekwfjwke fjwekfjekfwnekfjwnfkw f"
Ricrd,"mfdejmfwekjfekwfjwke fjwekfjekfwnekfjwnfkw f"
